documento,nombre,direccion,correo,contrasena,admin
1234567,Admin,"Calle Admin 123",emailadmin@admin.com,$2y$10$AgoCb7dJe8zq8sOdzrLFJOm6lCmS1B/nbIa0CylDkWmZjwaCBUw.m,1
4700835,Ebony,"5640 Elgar Street",easlum0@eepurl.com,$2y$10$rFtypMqdQfpj24OTJfRpDu3vBMC1bQLUx.1JIAWL8xQLX0p.lytYC
2864397,Evered,"841 Doe Crossing Pass",edaville1@macromedia.com,$2y$10$dsCwRHKYZr.UaCPObpCTG.ZxgfsDTOAspUpJuyxe/J4ve87lpu5gm
3712188,Roderic,"6540 Anniversary Parkway",rglyne2@cnet.com,$2y$10$G0TWOkTK42PIcj6kD3o8WuM/oi/OddcgqAMdjhaTNhu0tkiFCfeKK
7963443,Garvy,"0 Loomis Pass",gmelladew3@salon.com,$2y$10$z1oTtmrcdbwyxRmj46kFpeBV4/1s.bo.6m36nbPtQ1TjYt2TqQcMm
5821765,Flore,"952 Sachs Center",fcroce4@nps.gov,$2y$10$IApHSWF75oR/hEG88UBGfutffdyUmooaFyWMQJdbUCbRCMaZnGSAW
4912411,Rog,"79 Schurz Center",rsandeman5@weebly.com,$2y$10$2F1FK4MBrL0DPg5hzSZ.y.79RqnGMPDdSMQiZl9SYpxPQcfcbunPS
1871056,Pietrek,"60161 Jenna Avenue",poscollee6@mozilla.com,$2y$10$RH2.isWhp/I1C3oS8cEPdeZupPE/glRXjmUJzgzjKuSyy6bKZi12i
4828041,Carlie,"1 Delladonna Alley",cwindham7@eventbrite.com,$2y$10$s/yxjuqzkDhdxiEncNUFD.TGERGxzNP1v4Q31.r4XsAcEz5.VDNzm
5821174,Minta,"8 Bluestem Crossing",mcamelli8@intel.com,$2y$10$E4XKDwgKXq59a8TmWd2N/.PowpU0JBECzM5ydGZL0Q/P5NltmS5I.
8758944,Korella,"0295 Mcguire Crossing",kknifton9@biblegateway.com,$2y$10$wkNSJhIYJlxpdJac5hsDtODr5ulL7KsmKf1nIZiZdnTUqY6UI7uni
2726537,Olivier,"3 Arapahoe Way",ogillyatta@amazon.com,$2y$10$ngNeoHkuUmy4mvbIAYS8KOlD5qAJBFjtkbWhwZ9/6YcUwndV4/6Ge
7105169,Corinne,"4132 Scott Plaza",cfiloniereb@zimbio.com,$2y$10$iOyv5SmUqz8cVreeX6h0iODbluluB5814uw.cARaenLZrY41AK9zK
7258378,Nolie,"973 Cambridge Place",nspatonic@cnet.com,$2y$10$PIRGvMhvKH6/IfBWnhPm1.Cj9jujZaD420AClVRSLJfZEA.RJpCsO
773396,Hyacinth,"363 Commercial Parkway",hwarrenderd@china.com.cn,$2y$10$ca6UAL04wcSqgS9eoi3xzO9F0VMoDZ2Yv5XNuDg93RUdWRj.KHnz2
5251185,Ave,"1468 Golf Course Pass",aocorranee@mlb.com,$2y$10$dTNIlDv1RHDwgehasnbj.e3Qsd114irDed1zuIu7NeLe4MUzq0kNu
6224880,Brooke,"0262 Northfield Road",byeowellf@bloglines.com,$2y$10$a1bozgRr.sJrfLQJ8ZpUseP6nECVUOgHqoYfueHP4lCXbQUWQ.Ysy
422181,Vittoria,"83122 Crowley Lane",vpoletg@sbwire.com,$2y$10$7mX1Cku0GTmuUAS/jbYXPOxGNwQeOJxHCO.udZMfWkvmTNTYRM4Ey
3502714,Brunhilda,"0 Memorial Trail",btokellh@economist.com,$2y$10$hODPK44clZhQzSCN0a.9vujvDBUWjSXZpwyLJwJhDD/PgIPggvNIi
2700877,Rosita,"719 Pearson Crossing",rdevillei@wikia.com,$2y$10$YVs/2ef8GDSQU/3KXPkUNu6UjUu3K74VqwnZ2bCzkpYeGzKAR4AI.
7711430,Madelina,"438 Main Point",mofarrisj@mysql.com,$2y$10$MQoh1Svll3ztSUe3FhlLNe4Rhoxirf2kh7ZqTaO0PEM6YmMvefSMK
611914,Angus,"179 Bunker Hill Center",aklaffk@netscape.com,$2y$10$awMsud2sxC4f0SMJsfJe1eO4OXsKlKB5DM9panbuLNFg6BJ4pHT8e
6821351,Murry,"989 Lawn Lane",mprazorl@geocities.jp,$2y$10$OvPh5q./0jSenrDS0NX8sOJksPtnfNppgadqcJgnyvclmGd4M3Un6
4655269,Debi,"6 West Center",dcolquittm@bbb.org,$2y$10$GhaJxVOKvqhwod2DRytEl.GbYriHalREqmKtf05/O2GnNAJKmDym2
3421425,Benny,"223 Roth Hill",bcattown@oaic.gov.au,$2y$10$F8L/SJc9I6hKG1IwQ.g3VuYyjH7CgyacAJn4MxFOA7ykvHFwEfIsi
2261838,Lorenza,"05952 Vera Trail",lkynetono@nsw.gov.au,$2y$10$CBJa7c9ykSRw4OUUJd14kuWbhm9IDsikvbFGca/XsnyhsVFrsM0MO
6737415,Alica,"1 Kedzie Road",aponsfordp@discovery.com,$2y$10$K.sh3Rncaj59a4sJIlhAf.Fhh.gS5rwPPxopulikPeRh9k4a1RhoG
453865,Mike,"100 Colorado Circle",mtowsieq@csmonitor.com,$2y$10$w/v76qAhYp7z.j440M6Mo.PqLuPQ7IOBud1EaS/25hB/v5YGrb8FC
2398390,Betteanne,"84 Farmco Junction",bcaberar@answers.com,$2y$10$hWGdDePi8knArYfjrqVJ/.uT6bVC1z0rctC671Kvc2DkgGp5WZLcG
9161939,Perry,"88 Moulton Point",ppinsons@tmall.com,$2y$10$JSrgTdLUVh9KIH6IjzqlPOgMeByxaBHCMFpYL5QkKSoT/orCnfj96
4094958,Randi,"88 Reinke Crossing",rbrumhamt@youku.com,$2y$10$5I/gpkfR/aayVllTlZYb2.ew8La.7tfJl81/TyPFGEpwTYPGX/7h6
2939224,Welch,"385 Melody Point",wbartramu@xinhuanet.com,$2y$10$33HljYg5KLYxb0LmsCbpkewMBI4iilSHuai7VHpqhV5hCRHa7KBaq
2187044,Janette,"17398 Artisan Park",jcurnowv@amazonaws.com,$2y$10$zmFaTqpQ5MDw2FNaXyGef./mj5WnxeVDHhLYAYdLZEeusiBilAk3y
4356560,Lissie,"11584 Eliot Point",lmcilennaw@google.com.au,$2y$10$K9IecgmC7.q3UmNnZnMxvOODcAjFhM2Y3AuIkwA6Tlp.UbKpAzoLy
6581792,Ly,"0468 Moulton Alley",lmonneryx@4shared.com,$2y$10$7AI.ZiOpxjEZMvWSe15aKOeZrS3fB.vTra4KP4JpmFTVmi81TwMxW
7018742,Leah,"2 Longview Street",ltschirschkyy@miibeian.gov.cn,$2y$10$CiACvJwjoRHW9B/Wby916uooYEmjpfRvl7GgsOaaNpfW3CMDc0ECC
5161677,Bonnibelle,"228 Lighthouse Bay Road",blampingz@ycombinator.com,$2y$10$9aoPEza3tLeLiKKNd4JV6eT0GsVHsj9JyW5nTngMPkgR6.x8nuiLW
5546633,Bentley,"963 Loeprich Avenue",bkilshaw10@noaa.gov,$2y$10$gb6UQqR7IxkHMClvbSuB4eL.A5VP8RYTD0yT0fJ8X/Of2lx47ulvi
3246642,Eadie,"1851 Dayton Road",ephysick11@princeton.edu,$2y$10$HKVzozSmu3jzWDtLt5w3Te1NQ2rG4uC4i8tMrEkL6w04k6m0um3GK
1129741,Frants,"4 Hermina Point",fsmyth12@sakura.ne.jp,$2y$10$m2Uh051RoWbXw9bnPNFUz.B6pybPXE.dB7XeTT9UtE9nLJo7chX/u
1892858,Laney,"353 Tony Center",lfaustin13@1und1.de,$2y$10$wgK2RY0WBuitnLgDI1gWROJPHiqKWclycPoSYwsPY1gyyml/jCLV6
4169424,Briny,"4 Orin Lane",bfrancescoccio14@toplist.cz,$2y$10$HfNoC5bCdQ3ROgVr64Ed7uOPDMNdlFMKpZXC6JSwbwa1qSk91A2Gi
1111041,Rosy,"685 Steensland Road",rwilsher15@aol.com,$2y$10$FQXh.yrmk0bfW1bxz.HGvufXTEE.BJ2EHAMw8y3zYR77fdFWXW9NK
9733647,Julianna,"21 Thompson Place",jfitter16@state.tx.us,$2y$10$8TU1HM.2vqpcaV0bweWwwuepnHuUuaoNp4zBm060hf0FL00IAl//e
3241189,Manfred,"3466 Charing Cross Hill",mcassell17@ebay.com,$2y$10$hmuFZo.yklAY1mGVCCS/r.g24pbZ7b8uz9fdSq7T6qDiucikDDoIy
8087443,Shelli,"2 Old Gate Circle",scashell18@scientificamerican.com,$2y$10$KY4E8QRIWCB0Ll1RBnQmouAtTXhS0XslOFIXa2oxJwhF6l9JxK6qq
1597208,Griffith,"00 Sugar Road",ggeeraert19@gravatar.com,$2y$10$RTBe3LjBaj1I9XYkEbgjR.W4NSF8SJ6tsBJoVct7RSLbml80QmrNa
3391651,Herb,"6872 Northwestern Pass",hbodycombe1a@google.de,$2y$10$ZaF3E.i5kmbso0f8mA4eHOFMts9Hq0s8SusfIStzPOZ72FmcWS4AC
135153,Chance,"01 Boyd Crossing",cskilbeck1b@free.fr,$2y$10$OzHmT0EmftuD0Wi1Gf6LcubuxXqoFYRTBO6Fq/aI89XtGfuKJs.t2
6615507,Courtnay,"07 Schurz Hill",clethbury1c@vinaora.com,$2y$10$ZvRYsd5mgyML9aq0/jWnTugtMIfBxbkJ6IxujH4hkcxM7TO91e.h2
6616935,Rivkah,"6 Heath Center",rliebmann1d@discovery.com,$2y$10$1BFzIc4polUozBfk78UP0eWAHh/o43iQV8P/rOFPi85v3I0XE.kPS
4700462,Quintin,"555 Commercial Lane",qwinthrop1e@sitemeter.com,$2y$10$Dx.90DQYuhheR/WUGODY5.vPxT0YhJOyT/8WepiuYIWZhsGMY1B5m
8420873,Gardiner,"92806 Victoria Crossing",ggiannasi1f@sbwire.com,$2y$10$GdIL4puWZCtg.mlJ1omTDON54YqI4k2wwcnbdCJEYaiBZKHGK3Zru
7014586,Paul,"4373 Summit Trail",prolfe1g@deviantart.com,$2y$10$XpnLHtuNSbx4A25GqqYvKuMQZkRrL7MMLWTA1Pqgv8DE6bxW2HXNq
6423944,Umeko,"32291 Del Sol Street",ufray1h@newsvine.com,$2y$10$ZYqJsYKNlvKbg7LwuIGjYOK8RzmbYLBVOYgokKa0PdQ.uvUkYrBM.
5174046,Gay,"10430 Gina Circle",gscala1i@squidoo.com,$2y$10$.8Sq7JBtJNhK1ZeC/X/uk.piqL6AHP2V3ZeJp0u.PQshnes7ujyX2
5543824,Broddie,"8 Rigney Terrace",bdowdam1j@paypal.com,$2y$10$RYoIwxtj9AeQS5ezLJ9RF.9GU3Jp3AFoxOKhl8eBUSxkRaQmqL0l.
5743986,Stevena,"9776 Forest Hill",smeadus1k@latimes.com,$2y$10$PUTfY9ZqSTaKJbo4lpe2ke0UaFxY/uyk7Sz2n2e7Nnn4uaQVoCuO2
5219068,Homerus,"3952 Dryden Point",holone1l@eepurl.com,$2y$10$DG1OQfDaUG6nNoMQXYYw9Od6fgVHSzV/yD10qBrPlGwaPrVKb1Sh6
3277894,Katrine,"03 Upham Terrace",knangle1m@cnn.com,$2y$10$172kdyaGjWcqz9iUPfIuEuSOC.P1Bo2qraGEI/YcolzRI7FUM3Zx6
3012504,Inez,"6887 Welch Alley",ibreakey1n@pbs.org,$2y$10$gEdEWdw7ehF1shgZGuMD7uryHJoEftDHbcIwOmxJAhex1JsrO9Ot.
1003041,Filide,"2 Eagle Crest Avenue",ftunna1o@mlb.com,$2y$10$Br8RaUEcdYwwL67ZeV054eqbIm4hYZDwPW5.WpPyz//LdAO/OeKtG
3380235,Adolpho,"100 Hoard Park",aearnshaw1p@who.int,$2y$10$6TyxzujuEEeTgRg7S2Bu.O9/egINibYU0cklY3vjnZRR6Oz24AaSa
1115451,Dorree,"048 Logan Park",dpolson1q@cpanel.net,$2y$10$dkbo2lLt2voR.7pZIb2ywe8YNQfhm5MEppI.8WfQNRJFhgTezpVP6
7390736,Jessalyn,"7633 Lillian Park",jswaddle1r@deliciousdays.com,$2y$10$1Zsx.xBfysosGPBnnbY/jeLwhTNKnBgh10cmvb2IauTbbiDIo8j56
5132630,Mirna,"157 Kensington Plaza",melwood1s@google.ru,$2y$10$g3.wXa6SQwE/ozgn3LWUpO027vQeI0ifKmXQHhd1nSBC0RKom0sOq
7684099,Bennett,"8911 Dorton Parkway",bmaisey1t@unc.edu,$2y$10$wQF/ws3Pat0pFuqkvzax3OAejbdnjYS/dYo6ZAGJk0V2pQRwYd2am
4525027,Elmer,"089 Lakewood Way",ebysaker1u@angelfire.com,$2y$10$miH1K3aFRiJAMzQIZIOEaOKQPA899FDVNmJBP/Rd6YcA62fzcvCzi
4681612,Lorne,"00 Buell Place",ltrustie1v@flavors.me,$2y$10$UEoUrgSHFEGxz/3htcKe4.R0gVPMcGvySLHUo3eyz8Ao47oqHI69.
4848124,Elyse,"7 Duke Pass",erable1w@spotify.com,$2y$10$7S33yJ3e0hOlDkGxjDD/aeAguBaIn5QoZRJ.IVXa9KkiASiVA0o1O
7020676,Sergent,"345 Aberg Place",seynald1x@accuweather.com,$2y$10$zXd9rFVqHTT6zYr7dor4juHpgsB9IbBeAYm9BBjAmc3MQTlTNElaa
8809214,Ase,"0061 Tomscot Drive",apohling1y@microsoft.com,$2y$10$wFuD3b83HcmO7Kr7BKZNiedkTS7bIx/CqbNNZF626PeMb1yjVWbg.
1804047,Brenden,"28187 Roxbury Center",bstorry1z@bbb.org,$2y$10$2MI6r92xUMdstaLfdEIP8e.gOjR9kujym7XUXOK/Q24PJPthZKqU6
2823423,Rochelle,"57819 Morning Pass",rkinnerk20@arstechnica.com,$2y$10$CAKNk416/9Kv3XW.p8TdI.tog4WZU0zNiDUmYwkOqKc2iCFsii/Ee
2437687,Albert,"0 Maple Wood Pass",abedbrough21@oakley.com,$2y$10$hBYJ6sUHYk6loev.w9hoTe/ok/20f5ivKN7bFIdNuPxPdGrq7khlW
5588486,Alethea,"4496 Sherman Park",amaciejak22@wsj.com,$2y$10$dAlcN3hEpIO5idN.LoBdc.gnsR8CtlrEQRWIwrb4eLr/L1Pj9XTAy
5447307,Patrica,"90355 Jay Way",pbrunel23@simplemachines.org,$2y$10$o90v8ohhGJFXiePcYnz5CeNQqbiGjXLGkR/3KfPkfEkUhWamKRf/O
5944861,Guy,"9748 Eagan Hill",gdeaguirre24@cnet.com,$2y$10$UEDxIk/.OCi/Sg9r064Gl.7ImU2PqZfQl8HjlqNWT56S74tqxMEU6
5445589,Oralla,"70 Burning Wood Junction",omardall25@pcworld.com,$2y$10$dpvoyhB3xG4yrJZjsUUKh.nHs8imOTFj1x7FaiWFGbLCgiEWJHRHa
2147965,Barthel,"6269 Loomis Drive",bslimmon26@diigo.com,$2y$10$KzUH0TD9e670GtmzY1Fup.9CQPT0pmqiZoSgtVYNsMkUo6pBsC9HG
3585901,Padraic,"8879 Grasskamp Street",plequesne27@cisco.com,$2y$10$sFmc8zS7gsAorC47neOJTukur.i5Hy40G4xPuSugr7125lmUhZ3D6
7671106,Rawley,"6037 Walton Alley",rraecroft28@time.com,$2y$10$cJwdaS/rCKAlvA/Nb6D9eOld/Ebe6fPj7qEKM.8MLyD/d0pimkONO
8466917,Arden,"580 Kingsford Center",ayanshinov29@yellowpages.com,$2y$10$nkCMXbNvV2rskjaJJRXPPedXmbqrvrK5XFctXS7Ry5dkHxJ4GpZUq
3793513,Winnie,"63 Fair Oaks Road",wpate2a@issuu.com,$2y$10$7Ry1OZ70d4zTugeCSkWAyeB/zgXVSvjbDNgJvMoO4Uk4rppNRbB5K
302434,Ulric,"98720 Nobel Park",ucasine2b@blogspot.com,$2y$10$GIRKxi9S37DUs1mq3CwkmOCT9C6vUyFc5wc/w45PSdnGQ6EffdZ7S
9879416,Loralyn,"7 Fuller Lane",ldownage2c@skyrock.com,$2y$10$ZZ28/Iu8tw62.dkXKwnxQ.jfFtKE7oUtwfNrHT035H.Ak5piCkdDa
2683661,Townie,"9467 Caliangt Center",tsieghart2d@pen.io,$2y$10$ZXuHmIyNDDJZiL4/4ocxX.GXJHlA6XEfe3kSSnlrKb5oGbXXgMriG
9440015,Meaghan,"17449 Calypso Place",mpammenter2e@desdev.cn,$2y$10$lUp2rXixd9DTFk1jBYv6DuIa50EacoQIvFjhUm01hSN3x1AsQbbIq
9610524,Lotty,"1137 Kinsman Parkway",ldobbs2f@ovh.net,$2y$10$H3N9Wrg4Z0n9kYbeWj2r.elmfH1zQerTDrH3hJeQfuplb0pVtDrC2
7250683,Carol-jean,"22 Continental Trail",cguilford2g@myspace.com,$2y$10$/9.dWGmzt5cjsJfIpBiY..GrCJWv90fjUdW56bvF9hgtO7zmsxfDW
2979344,Lovell,"5727 Anthes Trail",lpykerman2h@princeton.edu,$2y$10$zY250Ok742TBJPcjBULmi.F4ylvpxi4GnNjnAyjDd8Kk9s8CkfWyy
7443164,Delphinia,"78102 Lakewood Gardens Park",dcolmore2i@tumblr.com,$2y$10$ut6uKqIle46Hw/AFVMlSaOvHCrAY/9p9l2LlkSXsphP6QJVaG244S
2390584,Matelda,"76 Cordelia Parkway",mkase2j@bloglovin.com,$2y$10$bwJ3Uni4x43qUJweLZNud.GdW9iQM5GEmi7cAaz2.NtLt/r2DVqUi
3701115,Ag,"32903 Stone Corner Pass",aconlaund2k@kickstarter.com,$2y$10$UHDn.HULp07QPQzFO/vBpuy6wilwaKbe/xSxTjjtg1nhRv4AjKBpC
9589828,Cornela,"1268 Waubesa Place",cblyden2l@ucsd.edu,$2y$10$2eyVEecBK1Ozr61loFn2Hu9JvSN2ei5oQB3R55Of9VzWLGMP.SlRK
6475170,Don,"71 Buhler Junction",dpizzey2m@businessweek.com,$2y$10$EkV/rhDCa4V1q/kxTfWhKeV9Vpi5uMjhvwALOl7fWiJG5ZjhWuOhC
1861191,Torie,"477 Chinook Circle",twesley2n@purevolume.com,$2y$10$2BPbJv9Q5nF2QPQlXvxnzu0vvPc37173NphmBDCyvY5g4LfJ2NVfa
7826521,Ignacius,"628 Fairfield Trail",iredan2o@skyrock.com,$2y$10$zqnqyTCEc.NoEXt3kdQC0ewdGzwjj2B4bIoLqRGgKChZdDhHRGjaG
991540,Karola,"4 Helena Place",kbengtsson2p@freewebs.com,$2y$10$Xq1t1NwN//DJ/XxrwjBfHudpko7B23oJN.69vaoWSgorarosmw.Z2
183307,Chandler,"3751 Forest Run Center",ckosel2q@dropbox.com,$2y$10$tTNFJYdzEWiivzvrsN3Hve7TCAaxGsJDe8OIyjiebwJwC14WgLG/e
280563,Lynelle,"9 American Alley",lkubala2r@uol.com.br,$2y$10$NpOrR8bj4feyp0SNSf8LvuttXQGpT5AqKioMyYNB60rBm4zIYoiQS
