documento,nombre,direccion,correo,contrasena,admin
1234567,Admin,Calle Admin 123,emailadmin@admin.com,admin,1
4700835,Ebony,5640 Elgar Street,easlum0@eepurl.com,cU5%j}6ZFeeCgfA
2864397,Evered,841 Doe Crossing Pass,edaville1@macromedia.com,"bY8!O,pe%UuNg"
3712188,Roderic,6540 Anniversary Parkway,rglyne2@cnet.com,fL0~Y@K&
7963443,Garvy,0 Loomis Pass,gmelladew3@salon.com,oT5/CN*\sAPS
5821765,Flore,952 Sachs Center,fcroce4@nps.gov,"dD4,Mi2D"
4912411,Rog,79 Schurz Center,rsandeman5@weebly.com,qX6+8w6=Q+oW
1871056,Pietrek,60161 Jenna Avenue,poscollee6@mozilla.com,vF0(PP!mMrBJ1G
4828041,Carlie,1 Delladonna Alley,cwindham7@eventbrite.com,oN4(?(5ZgJx$8
5821174,Minta,8 Bluestem Crossing,mcamelli8@intel.com,iT3{@f4RQ
8758944,Korella,0295 Mcguire Crossing,kknifton9@biblegateway.com,hL5.m~RF
2726537,Olivier,3 Arapahoe Way,ogillyatta@amazon.com,aB6~2cgEfH8Qn$
7105169,Corinne,4132 Scott Plaza,cfiloniereb@zimbio.com,hX4&UUIMAyUH
7258378,Nolie,973 Cambridge Place,nspatonic@cnet.com,vQ8|fsG4
773396,Hyacinth,363 Commercial Parkway,hwarrenderd@china.com.cn,mE7%hI6m6*R
5251185,Ave,1468 Golf Course Pass,aocorranee@mlb.com,"lZ6?4n(yG|""6L"
6224880,Brooke,0262 Northfield Road,byeowellf@bloglines.com,eP2?_XTCv{lD}P&
422181,Vittoria,83122 Crowley Lane,vpoletg@sbwire.com,jE3(UBh\F?~{OW
3502714,Brunhilda,0 Memorial Trail,btokellh@economist.com,vZ8=nq+8eTA6YYjD
2700877,Rosita,719 Pearson Crossing,rdevillei@wikia.com,pY6#r~Ip@=ablSRO
7711430,Madelina,438 Main Point,mofarrisj@mysql.com,xX6}`kU>C$>2X
611914,Angus,179 Bunker Hill Center,aklaffk@netscape.com,"qW2+(@3#OopRr,S"
6821351,Murry,989 Lawn Lane,mprazorl@geocities.jp,xF7+f?L\)!
4655269,Debi,6 West Center,dcolquittm@bbb.org,"fF1_<TV,Qfte\a>"
3421425,Benny,223 Roth Hill,bcattown@oaic.gov.au,rM7~6Q7N0
2261838,Lorenza,05952 Vera Trail,lkynetono@nsw.gov.au,"eT3>""fw/"""
6737415,Alica,1 Kedzie Road,aponsfordp@discovery.com,"yR3|""x4CSiY(>"
453865,Mike,100 Colorado Circle,mtowsieq@csmonitor.com,lG1\H5'x'
2398390,Betteanne,84 Farmco Junction,bcaberar@answers.com,"sO3~<<>"""
9161939,Perry,88 Moulton Point,ppinsons@tmall.com,gQ7(JHn.=Wj2#M8x
4094958,Randi,88 Reinke Crossing,rbrumhamt@youku.com,pX7=Ck6(Wre4*{?
2939224,Welch,385 Melody Point,wbartramu@xinhuanet.com,qY8+T$5yc
2187044,Janette,17398 Artisan Park,jcurnowv@amazonaws.com,zZ1.{0'E3Fj
4356560,Lissie,11584 Eliot Point,lmcilennaw@google.com.au,iW9@Ob0JV
6581792,Ly,0468 Moulton Alley,lmonneryx@4shared.com,rM3~W_}H%>
7018742,Leah,2 Longview Street,ltschirschkyy@miibeian.gov.cn,qE4_Z&}u#X#X
5161677,Bonnibelle,228 Lighthouse Bay Road,blampingz@ycombinator.com,"iB1""i\zyy%P@{R"
5546633,Bentley,963 Loeprich Avenue,bkilshaw10@noaa.gov,vD7~SW.E
3246642,Eadie,1851 Dayton Road,ephysick11@princeton.edu,sB6%&u)bjAuNn
1129741,Frants,4 Hermina Point,fsmyth12@sakura.ne.jp,pA9}e9o4WWEn
1892858,Laney,353 Tony Center,lfaustin13@1und1.de,xL9?r*nmE
4169424,Briny,4 Orin Lane,bfrancescoccio14@toplist.cz,hA6+!JF}omQ
1111041,Rosy,685 Steensland Road,rwilsher15@aol.com,"mC1<o_gNYyv""`"
9733647,Julianna,21 Thompson Place,jfitter16@state.tx.us,"eV3,b$jSXS"
3241189,Manfred,3466 Charing Cross Hill,mcassell17@ebay.com,tE5!jw<.
8087443,Shelli,2 Old Gate Circle,scashell18@scientificamerican.com,eW0%!*w.0&0ataN+
1597208,Griffith,00 Sugar Road,ggeeraert19@gravatar.com,bO2%&.{$e=ELh
3391651,Herb,6872 Northwestern Pass,hbodycombe1a@google.de,fO1!zvDy}(hd#hO
135153,Chance,01 Boyd Crossing,cskilbeck1b@free.fr,wH4_%n#2WaI`flm
6615507,Courtnay,07 Schurz Hill,clethbury1c@vinaora.com,kJ3>hoEZB(SLn(z
6616935,Rivkah,6 Heath Center,rliebmann1d@discovery.com,oC4$dpmva
4700462,Quintin,555 Commercial Lane,qwinthrop1e@sitemeter.com,"eS1=UJ@R+#Pg6""U"
8420873,Gardiner,92806 Victoria Crossing,ggiannasi1f@sbwire.com,dO8{Sq\TywnnE
7014586,Paul,4373 Summit Trail,prolfe1g@deviantart.com,"nX3""p\?RVs$9|gE"
6423944,Umeko,32291 Del Sol Street,ufray1h@newsvine.com,nB6%&uRQP#=G%
5174046,Gay,10430 Gina Circle,gscala1i@squidoo.com,tE1$qEumV6
5543824,Broddie,8 Rigney Terrace,bdowdam1j@paypal.com,xL5@eQMlkP
5743986,Stevena,9776 Forest Hill,smeadus1k@latimes.com,"rP0,K|3m"
5219068,Homerus,3952 Dryden Point,holone1l@eepurl.com,qB4%#6}CAKwkmG
3277894,Katrine,03 Upham Terrace,knangle1m@cnn.com,jQ4|.A(L!TObNf=|
3012504,Inez,6887 Welch Alley,ibreakey1n@pbs.org,"eA6$_&~b,{r""c@>v"
1003041,Filide,2 Eagle Crest Avenue,ftunna1o@mlb.com,mL5<fTrx757t
3380235,Adolpho,100 Hoard Park,aearnshaw1p@who.int,pZ1`~82f<>0X
1115451,Dorree,048 Logan Park,dpolson1q@cpanel.net,pC8{{Na0KmU?OOL
7390736,Jessalyn,7633 Lillian Park,jswaddle1r@deliciousdays.com,wH6*k&nax64
5132630,Mirna,157 Kensington Plaza,melwood1s@google.ru,wS3<gX`euIqq
7684099,Bennett,8911 Dorton Parkway,bmaisey1t@unc.edu,bX2|{RH9p
4525027,Elmer,089 Lakewood Way,ebysaker1u@angelfire.com,uN0?9ONyF
4681612,Lorne,00 Buell Place,ltrustie1v@flavors.me,kI0>nmCv
4848124,Elyse,7 Duke Pass,erable1w@spotify.com,"uQ2<9nJ,36Ss0A9"
7020676,Sergent,345 Aberg Place,seynald1x@accuweather.com,"wZ9>\G(V6eB""ROV7"
8809214,Ase,0061 Tomscot Drive,apohling1y@microsoft.com,vB8&\*|L\D
1804047,Brenden,28187 Roxbury Center,bstorry1z@bbb.org,aX2(Bg@'(
2823423,Rochelle,57819 Morning Pass,rkinnerk20@arstechnica.com,nL7}x?CNr6W
2437687,Albert,0 Maple Wood Pass,abedbrough21@oakley.com,wL5\8f{QnMqd9
5588486,Alethea,4496 Sherman Park,amaciejak22@wsj.com,tK9<08TW
5447307,Patrica,90355 Jay Way,pbrunel23@simplemachines.org,iI1`LG!)I
5944861,Guy,9748 Eagan Hill,gdeaguirre24@cnet.com,kI4>5x6il+\VkZ%U
5445589,Oralla,70 Burning Wood Junction,omardall25@pcworld.com,"sR2,""iUCFPA_"
2147965,Barthel,6269 Loomis Drive,bslimmon26@diigo.com,aU1\bgff>sAmz*N5
3585901,Padraic,8879 Grasskamp Street,plequesne27@cisco.com,lF1'U}>4
7671106,Rawley,6037 Walton Alley,rraecroft28@time.com,qU2)<`mNYJ!Cp{`x
8466917,Arden,580 Kingsford Center,ayanshinov29@yellowpages.com,zM1(I.y_Ek(LWu8|
3793513,Winnie,63 Fair Oaks Road,wpate2a@issuu.com,"aN3,J\=l.K"
302434,Ulric,98720 Nobel Park,ucasine2b@blogspot.com,tF9`@O>C
9879416,Loralyn,7 Fuller Lane,ldownage2c@skyrock.com,qX6)$\r)ACAN%=.
2683661,Townie,9467 Caliangt Center,tsieghart2d@pen.io,"mH0?YHKi*1yiJf),"
9440015,Meaghan,17449 Calypso Place,mpammenter2e@desdev.cn,"mH0.$Zv\VM=""w"
9610524,Lotty,1137 Kinsman Parkway,ldobbs2f@ovh.net,cD9'$lxzDA@+|
7250683,Carol-jean,22 Continental Trail,cguilford2g@myspace.com,eV4}f7~j4/i1q
2979344,Lovell,5727 Anthes Trail,lpykerman2h@princeton.edu,"fC7}3,3J?#sQkYgE"
7443164,Delphinia,78102 Lakewood Gardens Park,dcolmore2i@tumblr.com,mE3/$/l3'c$
2390584,Matelda,76 Cordelia Parkway,mkase2j@bloglovin.com,"gY9$b(v""<w"
3701115,Ag,32903 Stone Corner Pass,aconlaund2k@kickstarter.com,gN0#5rVo$
9589828,Cornela,1268 Waubesa Place,cblyden2l@ucsd.edu,qG3=%j=B'LrGe%F
6475170,Don,71 Buhler Junction,dpizzey2m@businessweek.com,oE0*N=3H6#q
1861191,Torie,477 Chinook Circle,twesley2n@purevolume.com,"iJ2""U#a.P&)"
7826521,Ignacius,628 Fairfield Trail,iredan2o@skyrock.com,cY5/`$mmiMe
991540,Karola,4 Helena Place,kbengtsson2p@freewebs.com,"pL5@M""k>&r."
183307,Chandler,3751 Forest Run Center,ckosel2q@dropbox.com,"rL0*,u""TT@)A|"
280563,Lynelle,9 American Alley,lkubala2r@uol.com.br,"vC1""#+4M"